Sub-Genre,Description
Florida Breaks / Funky Breaks,"Party-driven breakbeat style rooted in the Florida scene, encompassing the full spectrum from classic Miami Bass to Funky Breaks. Features 808 basslines, electro stabs, rap samples, and vocal hooks. Known for clean yet bass-heavy production, bouncy grooves, and club-ready energy. Tracks often blend elements of electro, hip-hop, and early rave with a sunny, floor-filling vibe."
Nu Skool Breaks,"Heavier and more technical sound that emerged in the late ’90s/early 2000s. Often dark, atmospheric, and influenced by techno and electro."
Progressive Breaks,"Melodic and layered, often with long builds and emotional peaks. Sits between progressive house and breakbeat."
Electro Breaks,"Robotic, gritty breakbeat style rooted in classic electro (808s, vocoders) but evolved with distorted basslines, sci-fi textures, and glitch edits. Tracks often feature mechanical precision, stark arrangements, and a cyberpunk aesthetic. Commonly crosses into the darker edges of modern breakbeat while retaining an electro core."
Bassline Breaks / Bass Breaks,"Emphasizes low-end pressure and wobble bass. Often intersects with dubstep, trap, or garage aesthetics."
UK Breaks / Rave Breaks,"Draws from old-school UK hardcore and jungle. Breakbeat drums with rave stabs, piano rolls, and high energy."
Booty Breaks / Ghetto Breaks,"Miami Bass influence, fast BPM, dirty lyrics, and sexually explicit samples. Lo-fi and party-driven."
Big Beat,"Commercial and sample-heavy breakbeats fused with rock, hip-hop, and funk. Popularized in the ’90s."
Acid Breaks,"Combines breakbeat rhythms with acid house’s signature squelchy 303 synths. Trippy, loopy, and energetic."
B-Boy Breaks,"Classic hip-hop and funk breaks used for breakdancing. Raw, looped drum breaks and sampled funk grooves."
Neuro Breaks,"Modern, dark, and glitchy breakbeats with heavy sound design—heavily inspired by neurofunk (DnB)."
Psy Breaks,"Breakbeat with psychedelic trance elements. Rolling rhythms, Goa-style synths, and hallucinatory FX."
Dub Breaks,"Breakbeats fused with dub and reggae elements—deep bass, echo delays, and relaxed groove."
Ambient Breaks / Chill Breaks,"Downtempo breaks focused on atmosphere and texture. Can blend with trip-hop, IDM, and cinematic scores."
Tech Breaks,"Sparse, mechanical, and rhythm-driven—sits between techno and breakbeat. Focus on groove, not melody."
Melodic Breaks,"Emotional, layered breakbeat tracks that emphasize melody, harmony, and build/release structure. May include vocal chops, progressive-style synths, and cinematic atmosphere. Suitable for floaty or peak moments depending on intensity."
Driving Breaks,"Breakbeat tracks built around propulsion and forward energy. Characterized by unrelenting basslines, steady rhythms, and few breakdowns — creating the feeling of being pushed toward a destination. Often minimal in arrangement but high in momentum, these tracks maintain tension and movement throughout."
Trap Breaks,"Breakbeat tracks operating in the 105–115 BPM range that adopt rhythmic and stylistic influences from trap music. Characterized by half-time swing, booming sub-bass, and crisp snares. Serves as a tempo bridge between midtempo, breaks, and hip-hop. Subject to refinement once example tracks are provided."
